{"cameraMode":{"drawMode":0,"name":"Shaded","section":"Shading Mode"},"sceneLighting":false,"audioPlay":false,"sceneViewState":{"m_AlwaysRefresh":false,"showFog":true,"showSkybox":false,"showFlares":true,"showImageEffects":true,"showParticleSystems":true,"showVisualEffectGraphs":true,"m_FxEnabled":true},"in2DMode":false,"pivot":{"x":1.4196789264678956,"y":-0.3030101954936981,"z":-0.6718209981918335},"rotation":{"x":-0.07801201194524765,"y":0.38297557830810549,"z":0.03247712180018425,"w":0.9198987483978272},"size":0.5790757536888123,"orthographic":false}