{"cameraMode":{"drawMode":0,"name":"Shaded","section":"Shading Mode"},"sceneLighting":false,"audioPlay":false,"sceneViewState":{"m_AlwaysRefresh":false,"showFog":true,"showSkybox":false,"showFlares":true,"showImageEffects":true,"showParticleSystems":true,"showVisualEffectGraphs":true,"m_FxEnabled":true},"in2DMode":false,"pivot":{"x":104.00804138183594,"y":1.680798053741455,"z":162.6298065185547},"rotation":{"x":0.020930049940943719,"y":0.9788083434104919,"z":-0.15514858067035676,"w":0.13205116987228394},"size":0.7256031036376953,"orthographic":true}