{"cameraMode":{"drawMode":0,"name":"Shaded","section":"Shading Mode"},"sceneLighting":false,"audioPlay":false,"sceneViewState":{"m_AlwaysRefresh":false,"showFog":true,"showSkybox":false,"showFlares":true,"showImageEffects":true,"showParticleSystems":true,"showVisualEffectGraphs":true,"m_FxEnabled":true},"in2DMode":false,"pivot":{"x":4.893400192260742,"y":-0.33128899335861208,"z":-0.35427093505859377},"rotation":{"x":-0.012007633224129677,"y":0.9870055913925171,"z":-0.13345544040203095,"w":-0.08877630531787873},"size":0.5883085131645203,"orthographic":true}