{"cameraMode":{"drawMode":0,"name":"Shaded","section":"Shading Mode"},"sceneLighting":false,"audioPlay":false,"sceneViewState":{"m_AlwaysRefresh":false,"showFog":true,"showSkybox":false,"showFlares":true,"showImageEffects":true,"showParticleSystems":true,"showVisualEffectGraphs":true,"m_FxEnabled":true},"in2DMode":false,"pivot":{"x":-0.4617252051830292,"y":0.09997358918190003,"z":-7.267866611480713},"rotation":{"x":0.21196269989013673,"y":0.12567001581192017,"z":-0.027494914829730989,"w":0.9687854647636414},"size":0.33781132102012637,"orthographic":false}