{"cameraMode":{"drawMode":0,"name":"Shaded","section":"Shading Mode"},"sceneLighting":false,"audioPlay":false,"sceneViewState":{"m_AlwaysRefresh":false,"showFog":true,"showSkybox":false,"showFlares":true,"showImageEffects":true,"showParticleSystems":true,"showVisualEffectGraphs":true,"m_FxEnabled":true},"in2DMode":false,"pivot":{"x":0.3937411904335022,"y":0.09997355937957764,"z":-6.498939037322998},"rotation":{"x":0.1904582381248474,"y":0.16406171023845673,"z":-0.032301247119903567,"w":0.9673618078231812},"size":0.823265016078949,"orthographic":false}