{"cameraMode":{"drawMode":0,"name":"Shaded","section":"Shading Mode"},"sceneLighting":false,"audioPlay":false,"sceneViewState":{"m_AlwaysRefresh":false,"showFog":true,"showSkybox":false,"showFlares":true,"showImageEffects":true,"showParticleSystems":true,"showVisualEffectGraphs":true,"m_FxEnabled":true},"in2DMode":false,"pivot":{"x":11.210000038146973,"y":0.4878135919570923,"z":-4.349999904632568},"rotation":{"x":0.10806263983249664,"y":0.5194024443626404,"z":-0.06645268201828003,"w":0.845093846321106},"size":0.40619462728500368,"orthographic":false}