{"cameraMode":{"drawMode":0,"name":"Shaded","section":"Shading Mode"},"sceneLighting":false,"audioPlay":false,"sceneViewState":{"m_AlwaysRefresh":false,"showFog":true,"showSkybox":false,"showFlares":true,"showImageEffects":true,"showParticleSystems":true,"showVisualEffectGraphs":true,"m_FxEnabled":true},"in2DMode":false,"pivot":{"x":68.58436584472656,"y":1.0900007486343384,"z":150.5087432861328},"rotation":{"x":-0.27053314447402956,"y":0.30053630471229555,"z":-0.08932365477085114,"w":-0.9102329015731812},"size":0.9832591414451599,"orthographic":true}