{"cameraMode":{"drawMode":0,"name":"Shaded","section":"Shading Mode"},"sceneLighting":false,"audioPlay":false,"sceneViewState":{"m_AlwaysRefresh":false,"showFog":true,"showSkybox":false,"showFlares":true,"showImageEffects":true,"showParticleSystems":true,"showVisualEffectGraphs":true,"m_FxEnabled":true},"in2DMode":false,"pivot":{"x":26.810321807861329,"y":1.3599735498428345,"z":-26.863914489746095},"rotation":{"x":0.22707247734069825,"y":0.10349061340093613,"z":-0.024273676797747613,"w":0.9680622220039368},"size":0.8232659697532654,"orthographic":false}