{"cameraMode":{"drawMode":0,"name":"Shaded","section":"Shading Mode"},"sceneLighting":false,"audioPlay":false,"sceneViewState":{"m_AlwaysRefresh":false,"showFog":true,"showSkybox":false,"showFlares":true,"showImageEffects":true,"showParticleSystems":true,"showVisualEffectGraphs":true,"m_FxEnabled":true},"in2DMode":false,"pivot":{"x":16.366317749023439,"y":1.3900001049041749,"z":-0.7299995422363281},"rotation":{"x":0.2719087302684784,"y":-0.012993150390684605,"z":0.003667964367195964,"w":0.9622414708137512},"size":12.12435531616211,"orthographic":false}