{"cameraMode":{"drawMode":0,"name":"Shaded","section":"Shading Mode"},"sceneLighting":false,"audioPlay":false,"sceneViewState":{"m_AlwaysRefresh":false,"showFog":false,"showSkybox":false,"showFlares":false,"showImageEffects":false,"showParticleSystems":false,"showVisualEffectGraphs":true,"m_FxEnabled":true},"in2DMode":false,"pivot":{"x":0.007949624210596085,"y":0.8507283926010132,"z":0.05198793113231659},"rotation":{"x":-0.016153419390320779,"y":-0.9834719300270081,"z":0.1404993236064911,"w":-0.11317600309848786},"size":0.7448281049728394,"orthographic":false}