{"cameraMode":{"drawMode":0,"name":"Shaded","section":"Shading Mode"},"sceneLighting":false,"audioPlay":false,"sceneViewState":{"m_AlwaysRefresh":false,"showFog":true,"showSkybox":false,"showFlares":true,"showImageEffects":true,"showParticleSystems":true,"showVisualEffectGraphs":true,"m_FxEnabled":true},"in2DMode":false,"pivot":{"x":52.08000183105469,"y":1.3650041818618775,"z":165.27496337890626},"rotation":{"x":0.012656571343541146,"y":0.3474650979042053,"z":-0.0046904198825359348,"w":0.9375963807106018},"size":0.8660253882408142,"orthographic":true}