{"cameraMode":{"drawMode":0,"name":"Shaded","section":"Shading Mode"},"sceneLighting":false,"audioPlay":false,"sceneViewState":{"m_AlwaysRefresh":false,"showFog":false,"showSkybox":false,"showFlares":false,"showImageEffects":false,"showParticleSystems":false,"showVisualEffectGraphs":true,"m_FxEnabled":true},"in2DMode":false,"pivot":{"x":-1.0429695844650269,"y":5.82088565826416,"z":-3.9677531719207765},"rotation":{"x":-0.0011062843259423972,"y":0.9940727949142456,"z":-0.10838066786527634,"w":-0.010141612961888314},"size":6.7199602127075199,"orthographic":false}