{"cameraMode":{"drawMode":0,"name":"Shaded","section":"Shading Mode"},"sceneLighting":false,"audioPlay":false,"sceneViewState":{"m_AlwaysRefresh":false,"showFog":false,"showSkybox":false,"showFlares":false,"showImageEffects":false,"showParticleSystems":false,"showVisualEffectGraphs":true,"m_FxEnabled":true},"in2DMode":false,"pivot":{"x":0.21851587295532227,"y":0.16365697979927064,"z":0.09291017055511475},"rotation":{"x":-0.07733682543039322,"y":0.3042580485343933,"z":0.024791521951556207,"w":0.9491318464279175},"size":0.8211946487426758,"orthographic":false}