{"cameraMode":{"drawMode":0,"name":"Shaded","section":"Shading Mode"},"sceneLighting":false,"audioPlay":false,"sceneViewState":{"m_AlwaysRefresh":false,"showFog":true,"showSkybox":false,"showFlares":true,"showImageEffects":true,"showParticleSystems":true,"showVisualEffectGraphs":true,"m_FxEnabled":true},"in2DMode":false,"pivot":{"x":0.24561715126037599,"y":0.37997305393218996,"z":2.1675214767456056},"rotation":{"x":0.4510009288787842,"y":0.1303621381521225,"z":-0.0667799636721611,"w":0.8804354071617127},"size":0.6589170098304749,"orthographic":false}