{"cameraMode":{"drawMode":0,"name":"Shaded","section":"Shading Mode"},"sceneLighting":false,"audioPlay":false,"sceneViewState":{"m_AlwaysRefresh":false,"showFog":true,"showSkybox":false,"showFlares":true,"showImageEffects":true,"showParticleSystems":true,"showVisualEffectGraphs":true,"m_FxEnabled":true},"in2DMode":false,"pivot":{"x":-0.8863483667373657,"y":-0.16044320166110993,"z":-0.06893876194953919},"rotation":{"x":0.4510009288787842,"y":0.1303621381521225,"z":-0.0667799636721611,"w":0.8804354071617127},"size":0.2895866930484772,"orthographic":false}